pos_east,pos_north
86.8528,711.3337251968503
109.445,711.3337251968503
109.445,709.3337251968503
86.8528,709.3337251968503
86.8528,711.3337251968503
86.8528,707.5080951968503
109.445,707.5081251968503
109.445,705.5080251968503
86.8528,705.5080251968503
86.8528,707.5080951968503
86.8528,703.6824651968503
109.445,703.6820251968503
109.445,701.6820251968503
86.8528,701.6820251968503
86.8528,703.6824651968503
86.8528,699.8568351968503
109.445,699.8570251968504
109.445,697.8570251968504
86.8528,697.8570251968504
86.8528,699.8568351968503
86.8528,696.0312051968504
109.445,696.0310251968504
109.445,694.0310251968504
86.8528,694.0310251968504
86.8528,696.0312051968504
86.8528,692.2055751968503
109.445,692.2060251968503
109.445,690.2060251968503
86.8528,690.2060251968503
86.8528,692.2055751968503
86.8528,688.3799451968503
109.445,688.3800251968503
109.445,686.3800251968503
86.8528,686.3800251968503
86.8528,688.3799451968503
86.8528,684.5543151968503
109.445,684.5540251968504
109.445,682.5540251968504
86.8528,682.5540251968504
86.8528,684.5543151968503
86.8528,680.7286851968503
109.445,680.7290251968503
109.445,678.7290251968503
86.8528,678.7290251968503
86.8528,680.7286851968503
86.8528,676.9030551968503
109.445,676.9030251968503
109.445,674.9030251968503
86.8528,674.9030251968503
86.8528,676.9030551968503
86.8528,673.0774251968503
109.445,673.0770251968504
109.445,671.0770251968504
86.8528,671.0770251968504
86.8528,673.0774251968503
86.8528,669.2518051968503
109.445,669.2520251968504
109.445,667.2520251968504
86.8528,667.2520251968504
86.8528,669.2518051968503
86.8528,665.4261751968503
109.445,665.4260251968503
109.445,663.4260251968503
86.8528,663.4260251968503
86.8528,665.4261751968503
86.8528,661.6005551968503
109.445,661.6010251968503
109.445,659.6010251968503
86.8528,659.6010251968503
86.8528,661.6005551968503
58.9834,730.5010251968504
81.5757,730.5010251968504
81.5757,728.5010251968504
58.9834,728.5010251968504
58.9834,730.5010251968504
58.9834,726.6753951968503
81.5757,726.6754251968504
81.5757,724.6754251968504
58.9834,724.6754251968504
58.9834,726.6753951968503
58.9834,722.8497651968503
81.5757,722.8498251968504
81.5757,720.8498251968504
58.9834,720.8498251968504
58.9834,722.8497651968503
58.9834,719.0241351968504
81.5757,719.0242251968504
81.5757,717.0242251968504
58.9834,717.0242251968504
58.9834,719.0241351968504
58.9834,715.1985051968503
81.5757,715.1985251968504
81.5757,713.1985251968504
58.9834,713.1985251968504
58.9834,715.1985051968503
58.9834,711.3728751968504
81.5757,711.3729251968504
81.5757,709.3729251968504
58.9834,709.3729251968504
58.9834,711.3728751968504
58.9834,707.5472451968503
81.5757,707.5473251968504
81.5757,705.5470251968503
58.9834,705.5470251968503
58.9834,707.5472451968503
58.9834,703.7216151968503
81.5757,703.7220251968504
81.5757,701.7220251968504
58.9834,701.7220251968504
58.9834,703.7216151968503
58.9834,699.8959851968503
81.5757,699.8960251968504
81.5757,697.8960251968504
58.9834,697.8960251968504
58.9834,699.8959851968503
58.9834,696.0703551968503
81.5757,696.0700251968503
81.5757,694.0700251968503
58.9834,694.0700251968503
58.9834,696.0703551968503
58.9834,692.2447251968503
81.5757,692.2450251968503
81.5757,690.2450251968503
58.9834,690.2450251968503
58.9834,692.2447251968503
58.9834,688.4191051968503
81.5757,688.4190251968503
81.5757,686.4190251968503
58.9834,686.4190251968503
58.9834,688.4191051968503
58.9834,684.5934751968502
81.5757,684.5940251968503
81.5757,682.5940251968503
58.9834,682.5940251968503
58.9834,684.5934751968502
58.9834,680.7678551968503
81.5757,680.7680251968503
81.5757,678.7680251968503
58.9834,678.7680251968503
58.9834,680.7678551968503
58.9834,676.9422251968504
81.5757,676.9420251968503
81.5757,674.9420251968503
58.9834,674.9420251968503
58.9834,676.9422251968504
58.9834,673.1166051968503
81.5757,673.1170251968504
81.5757,671.1170251968504
58.9834,671.1170251968504
58.9834,673.1166051968503
58.9834,669.2909751968504
81.5757,669.2910251968503
81.5757,667.2910251968503
58.9834,667.2910251968503
58.9834,669.2909751968504
58.9834,665.4653551968504
81.5757,665.4650251968503
81.5757,663.4650251968503
58.9834,663.4650251968503
58.9834,665.4653551968504
58.9834,661.6397251968503
81.5757,661.6400251968503
81.5757,659.6400251968503
58.9834,659.6400251968503
58.9834,661.6397251968503
36.027493,745.812065196853
58.619811999999996,745.810651968503
58.619811999999996,743.810651968503
36.027493,743.812065196853
36.027493,745.812065196853
36.027493,741.986440196854
58.619811999999996,741.984401968504
58.619811999999996,739.984401968504
36.027493,739.986440196854
36.027493,741.986440196854
36.027493,738.160815196853
58.619811999999996,738.168151968503
58.619811999999996,736.168151968503
36.027493,736.160815196853
36.027493,738.160815196853
36.027493,734.335190196854
58.619811999999996,734.331901968504
58.619811999999996,732.331901968504
36.027493,732.335190196854
36.027493,734.335190196854
36.027493,730.509565196853
58.619811999999996,730.505651968503
58.619811999999996,728.505651968503
36.027493,728.509565196853
36.027493,730.509565196853
36.027493,726.683940196854
58.619811999999996,726.689401968504
58.619811999999996,724.689401968504
36.027493,724.683940196854
36.027493,726.683940196854
36.027493,722.858315196853
58.619811999999996,722.853151968503
58.619811999999996,720.853151968503
36.027493,720.858315196853
36.027493,722.858315196853
36.027493,719.032690196854
58.619811999999996,719.036901968504
58.619811999999996,717.036901968504
36.027493,717.032690196854
36.027493,719.032690196854
36.027493,715.207065196853
58.619811999999996,715.200651968503
58.619811999999996,713.200651968503
36.027493,713.207065196853
36.027493,715.207065196853
36.027493,711.381440196853
58.619811999999996,711.384401968503
58.619811999999996,709.384401968503
36.027493,709.381440196853
36.027493,711.381440196853
36.027493,707.555815196853
58.619811999999996,707.558151968503
58.619811999999996,705.558151968503
36.027493,705.555815196853
36.027493,707.555815196853
36.027493,703.730195196853
58.619811999999996,703.731951968503
58.619811999999996,701.731951968503
36.027493,701.730195196853
36.027493,703.730195196853
36.027493,699.904565196853
58.619811999999996,699.905651968503
58.619811999999996,697.905651968503
36.027493,697.904565196853
36.027493,699.904565196853
36.027493,696.078945196853
58.619811999999996,696.079451968503
58.619811999999996,694.079451968503
36.027493,694.078945196853
36.027493,696.078945196853
36.027493,692.253315196853
58.619811999999996,692.253151968503
58.619811999999996,690.253151968503
36.027493,690.253315196853
36.027493,692.253315196853
36.027493,688.427695196853
58.619811999999996,688.426951968503
58.619811999999996,686.426951968503
36.027493,686.427695196853
36.027493,688.427695196853
36.027493,684.602065196853
58.619811999999996,684.600651968503
58.619811999999996,682.600651968503
36.027493,682.602065196853
36.027493,684.602065196853
36.027493,680.776445196853
58.619811999999996,680.774451968503
58.619811999999996,678.774451968503
36.027493,678.776445196853
36.027493,680.776445196853
36.027493,676.950815196853
58.619811999999996,676.958151968503
58.619811999999996,674.958151968503
36.027493,674.950815196853
36.027493,676.950815196853
58.9933,738.1284251968503
70.2893,738.1284251968503
70.2893,736.1284251968503
58.9933,736.1284251968503
58.9933,738.1284251968503
58.9933,734.3027951968503
70.2893,734.3027251968504
70.2893,732.3027251968504
58.9933,732.3027251968504
58.9933,734.3027951968503
13.0196,738.1915251968503
35.6119,738.1915251968503
35.6119,736.1915251968503
13.0196,736.1915251968503
13.0196,738.1915251968503
13.0196,734.3658951968504
35.6119,734.3659251968503
35.6119,732.3659251968503
13.0196,732.3659251968503
13.0196,734.3658951968504
13.0196,730.5402651968503
35.6119,730.5402251968503
35.6119,728.5402251968503
13.0196,728.5402251968503
13.0196,730.5402651968503
13.0196,726.7146351968503
35.6119,726.7146251968503
35.6119,724.7146251968503
13.0196,724.7146251968503
13.0196,726.7146351968503
13.0196,722.8890051968503
35.6119,722.8890251968503
35.6119,720.8890251968503
13.0196,720.8890251968503
13.0196,722.8890051968503
13.0196,719.0633751968503
35.6119,719.0634251968503
35.6119,717.0634251968503
13.0196,717.0634251968503
13.0196,719.0633751968503
13.0196,715.2377451968503
35.6119,715.2377251968503
35.6119,713.2377251968503
13.0196,713.2377251968503
13.0196,715.2377451968503
13.0196,711.4121151968503
35.6119,711.4121251968503
35.6119,709.4121251968503
13.0196,709.4121251968503
13.0196,711.4121151968503
24.5094,707.5655251968503
35.8054,707.5655251968503
35.8054,705.5650251968503
24.5094,705.5650251968503
24.5094,707.5655251968503
24.5094,703.7398951968503
35.8054,703.7400251968503
35.8054,701.7400251968503
24.5094,701.7400251968503
24.5094,703.7398951968503
24.5094,699.9142751968503
35.8054,699.9140251968504
35.8054,697.9140251968504
24.5094,697.9140251968504
24.5094,699.9142751968503
24.5094,696.0886451968503
35.8054,696.0890251968503
35.8054,694.0890251968503
24.5094,694.0890251968503
24.5094,696.0886451968503
47.1244,673.1040251968503
58.4204,673.1040251968503
58.4204,671.1040251968503
47.1244,671.1040251968503
47.1244,673.1040251968503
47.1244,669.2783951968504
58.4204,669.2780251968503
58.4204,667.2780251968503
47.1244,667.2780251968503
47.1244,669.2783951968504
47.1244,665.4527751968503
58.4204,665.4520251968504
58.4204,663.4520251968504
47.1244,663.4520251968504
47.1244,665.4527751968503
47.1244,661.6271451968504
58.4204,661.6270251968504
58.4204,659.6270251968504
47.1244,659.6270251968504
47.1244,661.6271451968504
109.848,699.8320251968503
121.144,699.8320251968503
121.144,697.8320251968503
109.848,697.8320251968503
109.848,699.8320251968503
109.848,696.0063951968503
121.144,696.0070251968503
121.144,694.0070251968503
109.848,694.0070251968503
109.848,696.0063951968503
132.7195,680.705265196850
144.0155,680.705265196850
144.0155,678.705265196850
132.7195,678.705265196850
132.7195,680.705265196850
132.7195,676.879635196850
144.0155,676.879635196850
144.0155,674.879635196850
132.7195,674.879635196850
132.7195,676.879635196850
132.7195,673.054015196850
144.0155,673.054015196850
144.0155,671.054015196850
132.7195,671.054015196850
132.7195,673.054015196850
132.7195,669.228385196850
144.0155,669.228385196850
144.0155,667.228385196850
132.7195,667.228385196850
132.7195,669.228385196850
132.7195,665.402765196850
144.0155,665.402765196850
144.0155,663.402765196850
132.7195,663.402765196850
132.7195,665.402765196850
132.7195,661.577135196850
144.0155,661.577135196850
144.0155,659.577135196850
132.7195,659.577135196850
132.7195,661.577135196850
109.983,692.1900251968503
132.575,692.1900251968503
132.575,690.1900251968503
109.983,690.1900251968503
109.983,692.1900251968503
109.983,688.3643951968503
132.575,688.3640251968503
132.575,686.3640251968503
109.983,686.3640251968503
109.983,688.3643951968503
109.983,684.5387651968504
132.575,684.5390251968504
132.575,682.5390251968504
109.983,682.5390251968504
109.983,684.5387651968504
109.983,680.7131351968503
132.575,680.7130251968504
132.575,678.7130251968504
109.983,678.7130251968504
109.983,680.7131351968503
109.983,676.8875051968503
132.575,676.8880251968503
132.575,674.8880251968503
109.983,674.8880251968503
109.983,676.8875051968503
109.983,673.0618751968503
132.575,673.0620251968503
132.575,671.0620251968503
109.983,671.0620251968503
109.983,673.0618751968503
109.983,669.2362451968504
132.575,669.2360251968503
132.575,667.2360251968503
109.983,667.2360251968503
109.983,669.2362451968504
109.983,665.4106151968504
132.575,665.4110251968503
132.575,663.4110251968503
109.983,663.4110251968503
109.983,665.4106151968504
109.983,661.5849851968503
132.575,661.5850251968503
132.575,659.5850251968503
109.983,659.5850251968503
109.983,661.5849851968503
94.5774,652.2270251968503
117.17,652.2270251968503
117.17,650.2270251968503
94.5774,650.2270251968503
94.5774,652.2270251968503
94.5774,648.4013951968503
117.17,648.4010251968504
117.17,646.4010251968504
94.5774,646.4010251968504
94.5774,648.4013951968503
94.5774,644.5757651968504
117.17,644.5750251968503
117.17,642.5750251968503
94.5774,642.5750251968503
94.5774,644.5757651968504
94.5774,640.7501351968504
117.17,640.7500251968503
117.17,638.7500251968503
94.5774,638.7500251968503
94.5774,640.7501351968504
94.5774,636.9245051968503
117.17,636.9240251968504
117.17,634.9240251968504
94.5774,634.9240251968504
94.5774,636.9245051968503
94.5774,633.0988751968504
117.17,633.0980251968504
117.17,631.0980251968504
94.5774,631.0980251968504
94.5774,633.0988751968504
94.5774,629.2732451968504
117.17,629.2730251968503
117.17,627.2730251968503
94.5774,627.2730251968503
94.5774,629.2732451968504
94.5774,625.4476151968504
117.17,625.4470251968503
117.17,623.4470251968503
94.5774,623.4470251968503
94.5774,625.4476151968504
94.5774,621.6219851968503
117.17,621.6220251968504
117.17,619.6220251968504
94.5774,619.6220251968504
94.5774,621.6219851968503
94.5774,617.7963551968504
117.17,617.7960251968503
117.17,615.7960251968503
94.5774,615.7960251968503
94.5774,617.7963551968504
94.5774,613.9707251968505
117.17,613.9700251968503
117.17,611.9700251968503
94.5774,611.9700251968503
94.5774,613.9707251968505
94.5774,610.1451051968504
117.17,610.1450251968504
117.17,608.1450251968504
94.5774,608.1450251968504
94.5774,610.1451051968504
94.5774,606.3194751968505
117.17,606.3190251968504
117.17,604.3190251968504
94.5774,604.3190251968504
94.5774,606.3194751968505
94.5774,602.4938551968505
117.17,602.4930251968503
117.17,600.4930251968503
94.5774,600.4930251968503
94.5774,602.4938551968505
94.5774,598.6682251968505
117.17,598.6680251968503
117.17,596.6680251968503
94.5774,596.6680251968503
94.5774,598.6682251968505
94.5774,594.8426051968505
117.17,594.8420251968503
117.17,592.8420251968503
94.5774,592.8420251968503
94.5774,594.8426051968505
94.5774,591.0169751968505
117.17,591.0170251968503
117.17,589.0170251968503
94.5774,589.0170251968503
94.5774,591.0169751968505
94.5774,587.1913551968505
117.17,587.1910251968503
117.17,585.1910251968503
94.5774,585.1910251968503
94.5774,587.1913551968505
94.5774,583.3657251968505
117.17,583.3650251968503
117.17,581.3650251968503
94.5774,581.3650251968503
94.5774,583.3657251968505
94.5774,579.5401051968505
117.17,579.5400251968504
117.17,577.5400251968504
94.5774,577.5400251968504
94.5774,579.5401051968505
94.5774,575.7144751968506
117.17,575.7140251968503
117.17,573.7140251968503
94.5774,573.7140251968503
94.5774,575.7144751968506
94.5774,571.8888551968505
117.17,571.8880251968503
117.17,569.8880251968503
94.5774,569.8880251968503
94.5774,571.8888551968505
94.5774,568.0632251968506
117.17,568.0630251968503
117.17,566.0630251968503
94.5774,566.0630251968503
94.5774,568.0632251968506
94.5774,564.2376051968506
117.17,564.2370251968504
117.17,562.2370251968504
94.5774,562.2370251968504
94.5774,564.2376051968506
71.7793,652.2300251968503
94.3716,652.2300251968503
94.3716,650.2300251968503
71.7793,650.2300251968503
71.7793,652.2300251968503
71.7793,648.4043951968504
94.3716,648.4040251968504
94.3716,646.4040251968504
71.7793,646.4040251968504
71.7793,648.4043951968504
71.7793,644.5787651968503
94.3716,644.5780251968504
94.3716,642.5780251968504
71.7793,642.5780251968504
71.7793,644.5787651968503
71.7793,640.7531351968504
94.3716,640.7530251968503
94.3716,638.7530251968503
71.7793,638.7530251968503
71.7793,640.7531351968504
71.7793,636.9275051968503
94.3716,636.9270251968503
94.3716,634.9270251968503
71.7793,634.9270251968503
71.7793,636.9275051968503
71.7793,633.1018751968504
94.3716,633.1010251968503
94.3716,631.1010251968503
71.7793,631.1010251968503
71.7793,633.1018751968504
71.7793,629.2762451968504
94.3716,629.2760251968504
94.3716,627.2760251968504
71.7793,627.2760251968504
71.7793,629.2762451968504
71.7793,625.4506151968504
94.3716,625.4500251968503
94.3716,623.4500251968503
71.7793,623.4500251968503
71.7793,625.4506151968504
71.7793,621.6249851968504
94.3716,621.6250251968503
94.3716,619.6250251968503
71.7793,619.6250251968503
71.7793,621.6249851968504
71.7793,617.7993551968505
94.3716,617.7990251968504
94.3716,615.7990251968504
71.7793,615.7990251968504
71.7793,617.7993551968505
71.7793,613.9737251968504
94.3716,613.9730251968504
94.3716,611.9730251968504
71.7793,611.9730251968504
71.7793,613.9737251968504
71.7793,610.1481051968505
94.3716,610.1480251968503
94.3716,608.1480251968503
71.7793,608.1480251968503
71.7793,610.1481051968505
71.7793,606.3224751968505
94.3716,606.3220251968503
94.3716,604.3220251968503
71.7793,604.3220251968503
71.7793,606.3224751968505
71.7793,602.4968551968504
94.3716,602.4960251968503
94.3716,600.4960251968503
71.7793,600.4960251968503
71.7793,602.4968551968504
71.7793,598.6712251968505
94.3716,598.6710251968503
94.3716,596.6710251968503
71.7793,596.6710251968503
71.7793,598.6712251968505
71.7793,594.8456051968506
94.3716,594.8450251968503
94.3716,592.8450251968503
71.7793,592.8450251968503
71.7793,594.8456051968506
71.7793,591.0199751968505
94.3716,591.0200251968504
94.3716,589.0200251968504
71.7793,589.0200251968504
71.7793,591.0199751968505
71.7793,587.1943551968506
94.3716,587.1940251968504
94.3716,585.1940251968504
71.7793,585.1940251968504
71.7793,587.1943551968506
71.7793,583.3687251968505
94.3716,583.3680251968503
94.3716,581.3680251968503
71.7793,581.3680251968503
71.7793,583.3687251968505
71.7793,579.5431051968505
94.3716,579.5430251968503
94.3716,577.5430251968503
71.7793,577.5430251968503
71.7793,579.5431051968505
71.7793,575.7174751968505
94.3716,575.7170251968503
94.3716,573.7170251968503
71.7793,573.7170251968503
71.7793,575.7174751968505
71.7793,571.8918551968505
94.3716,571.8910251968504
94.3716,569.8910251968504
71.7793,569.8910251968504
71.7793,571.8918551968505
48.9698,652.2280251968504
71.5621,652.2280251968504
71.5621,650.2280251968504
48.9698,650.2280251968504
48.9698,652.2280251968504
48.9698,648.4023951968503
71.5621,648.4030251968503
71.5621,646.4030251968503
48.9698,646.4030251968503
48.9698,648.4023951968503
48.9698,644.5767651968504
71.5621,644.5770251968504
71.5621,642.5770251968504
48.9698,642.5770251968504
48.9698,644.5767651968504
48.9698,640.7511351968503
71.5621,640.7510251968504
71.5621,638.7510251968504
48.9698,638.7510251968504
48.9698,640.7511351968503
48.9698,636.9255051968504
71.5621,636.9260251968503
71.5621,634.9260251968503
48.9698,634.9260251968503
48.9698,636.9255051968504
48.9698,633.0998751968503
71.5621,633.1000251968503
71.5621,631.1000251968503
48.9698,631.1000251968503
48.9698,633.0998751968503
48.9698,629.2742451968504
71.5621,629.2750251968503
71.5621,627.2750251968503
48.9698,627.2750251968503
48.9698,629.2742451968504
48.9698,625.4486151968504
71.5621,625.4490251968504
71.5621,623.4490251968504
48.9698,623.4490251968504
48.9698,625.4486151968504
48.9698,621.6229851968504
71.5621,621.6230251968503
71.5621,619.6230251968503
48.9698,619.6230251968503
48.9698,621.6229851968504
48.9698,617.7973551968504
71.5621,617.7980251968503
71.5621,615.7980251968503
48.9698,615.7980251968503
48.9698,617.7973551968504
48.9698,613.9717251968505
71.5621,613.9720251968504
71.5621,611.9720251968504
48.9698,611.9720251968504
48.9698,613.9717251968505
48.9698,610.1461051968504
71.5621,610.1460251968504
71.5621,608.1460251968504
48.9698,608.1460251968504
48.9698,610.1461051968504
48.9698,606.3204751968505
71.5621,606.3210251968503
71.5621,604.3210251968503
48.9698,604.3210251968503
48.9698,606.3204751968505
48.9698,602.4948551968505
71.5621,602.4950251968503
71.5621,600.4950251968503
48.9698,600.4950251968503
48.9698,602.4948551968505
48.9698,598.6692251968504
71.5621,598.6700251968504
71.5621,596.6700251968504
48.9698,596.6700251968504
48.9698,598.6692251968504
48.9698,594.8436051968505
71.5621,594.8440251968503
71.5621,592.8440251968503
48.9698,592.8440251968503
48.9698,594.8436051968505
48.9698,591.0179751968506
71.5621,591.0180251968503
71.5621,589.0180251968503
48.9698,589.0180251968503
48.9698,591.0179751968506
48.9698,587.1923551968505
71.5621,587.1930251968504
71.5621,585.1930251968504
48.9698,585.1930251968504
48.9698,587.1923551968505
48.9698,583.3667251968506
71.5621,583.3670251968504
71.5621,581.3670251968504
48.9698,581.3670251968504
48.9698,583.3667251968506
48.9698,579.5411051968506
71.5621,579.5410251968503
71.5621,577.5410251968503
48.9698,577.5410251968503
48.9698,579.5411051968506
48.9698,575.7154751968505
71.5621,575.7160251968503
71.5621,573.7160251968503
48.9698,573.7160251968503
48.9698,575.7154751968505
48.9698,571.8898551968506
71.5621,571.8900251968503
71.5621,569.8900251968503
48.9698,569.8900251968503
48.9698,571.8898551968506
146.252,652.1410251968504
168.845,652.1410251968504
168.845,650.1410251968504
146.252,650.1410251968504
146.252,652.1410251968504
146.252,648.3153951968503
168.845,648.3150251968503
168.845,646.3150251968503
146.252,646.3150251968503
146.252,648.3153951968503
146.252,644.4897651968504
168.845,644.4900251968503
168.845,642.4900251968503
146.252,642.4900251968503
146.252,644.4897651968504
146.252,640.6641351968503
168.845,640.6640251968504
168.845,638.6640251968504
146.252,638.6640251968504
146.252,640.6641351968503
146.252,636.8385051968504
168.845,636.8380251968504
168.845,634.8380251968504
146.252,634.8380251968504
146.252,636.8385051968504
146.252,633.0128751968504
168.845,633.0130251968503
168.845,631.0130251968503
146.252,631.0130251968503
146.252,633.0128751968504
146.252,629.1872451968504
168.845,629.1870251968503
168.845,627.1870251968503
146.252,627.1870251968503
146.252,629.1872451968504
146.252,625.3616151968504
168.845,625.3610251968503
168.845,623.3610251968503
146.252,623.3610251968503
146.252,625.3616151968504
146.252,621.5359851968504
168.845,621.5360251968503
168.845,619.5360251968503
146.252,619.5360251968503
146.252,621.5359851968504
146.252,617.7103551968504
168.845,617.7100251968503
168.845,615.7100251968503
146.252,615.7100251968503
146.252,617.7103551968504
146.252,613.8847251968505
168.845,613.8850251968504
168.845,611.8850251968504
146.252,611.8850251968504
146.252,613.8847251968505
146.252,610.0591051968504
168.845,610.0590251968504
168.845,608.0590251968504
146.252,608.0590251968504
146.252,610.0591051968504
146.252,606.2334751968505
168.845,606.2330251968503
168.845,604.2330251968503
146.252,604.2330251968503
146.252,606.2334751968505
146.252,602.4078551968505
168.845,602.4080251968503
168.845,600.4080251968503
146.252,600.4080251968503
146.252,602.4078551968505
146.252,598.5822251968505
168.845,598.5820251968503
168.845,596.5820251968503
146.252,596.5820251968503
146.252,598.5822251968505
146.252,594.7566051968505
168.845,594.7560251968503
168.845,592.7560251968503
146.252,592.7560251968503
146.252,594.7566051968505
146.252,590.9309751968506
168.845,590.9310251968503
168.845,588.9310251968503
146.252,588.9310251968503
146.252,590.9309751968506
146.252,587.1053551968505
168.845,587.1050251968503
168.845,585.1050251968503
146.252,585.1050251968503
146.252,587.1053551968505
146.252,583.2797251968506
168.845,583.2800251968504
168.845,581.2800251968504
146.252,581.2800251968504
146.252,583.2797251968506
146.252,579.4541051968506
168.845,579.4540251968504
168.845,577.4540251968504
146.252,577.4540251968504
146.252,579.4541051968506
146.252,575.6284751968506
168.845,575.6280251968503
168.845,573.6280251968503
146.252,573.6280251968503
146.252,575.6284751968506
146.252,571.8028551968506
168.845,571.8030251968503
168.845,569.8030251968503
146.252,569.8030251968503
146.252,571.8028551968506
146.252,567.9772251968506
168.845,567.9770251968503
168.845,565.9770251968503
146.252,565.9770251968503
146.252,567.9772251968506
123.454,652.1440251968503
146.047,652.1440251968503
146.047,650.1440251968503
123.454,650.1440251968503
123.454,652.1440251968503
123.454,648.3183951968504
146.047,648.3180251968504
146.047,646.3180251968504
123.454,646.3180251968504
123.454,648.3183951968504
123.454,644.4927651968503
146.047,644.4930251968503
146.047,642.4930251968503
123.454,642.4930251968503
123.454,644.4927651968503
123.454,640.6671351968504
146.047,640.6670251968503
146.047,638.6670251968503
123.454,638.6670251968503
123.454,640.6671351968504
123.454,636.8415051968503
146.047,636.8410251968503
146.047,634.8410251968503
123.454,634.8410251968503
123.454,636.8415051968503
123.454,633.0158751968504
146.047,633.0160251968504
146.047,631.0160251968504
123.454,631.0160251968504
123.454,633.0158751968504
123.454,629.1902451968504
146.047,629.1900251968503
146.047,627.1900251968503
123.454,627.1900251968503
123.454,629.1902451968504
123.454,625.3646151968504
146.047,625.3640251968503
146.047,623.3640251968503
123.454,623.3640251968503
123.454,625.3646151968504
123.454,621.5389851968504
146.047,621.5390251968504
146.047,619.5390251968504
123.454,619.5390251968504
123.454,621.5389851968504
123.454,617.7133551968504
146.047,617.7130251968504
146.047,615.7130251968504
123.454,615.7130251968504
123.454,617.7133551968504
123.454,613.8877251968504
146.047,613.8880251968503
146.047,611.8880251968503
123.454,611.8880251968503
123.454,613.8877251968504
123.454,610.0621051968504
146.047,610.0620251968503
146.047,608.0620251968503
123.454,608.0620251968503
123.454,610.0621051968504
123.454,606.2364751968505
146.047,606.2360251968503
146.047,604.2360251968503
123.454,604.2360251968503
123.454,606.2364751968505
123.454,602.4108551968504
146.047,602.4110251968503
146.047,600.4110251968503
123.454,600.4110251968503
123.454,602.4108551968504
123.454,598.5852251968505
146.047,598.5850251968503
146.047,596.5850251968503
123.454,596.5850251968503
123.454,598.5852251968505
123.454,594.7596051968505
146.047,594.7590251968503
146.047,592.7590251968503
123.454,592.7590251968503
123.454,594.7596051968505
123.454,590.9339751968505
146.047,590.9340251968504
146.047,588.9340251968504
123.454,588.9340251968504
123.454,590.9339751968505
123.454,587.1083551968505
146.047,587.1080251968503
146.047,585.1080251968503
123.454,585.1080251968503
123.454,587.1083551968505
123.454,583.2827251968505
146.047,583.2830251968503
146.047,581.2830251968503
123.454,581.2830251968503
123.454,583.2827251968505
123.454,579.4571051968505
146.047,579.4570251968503
146.047,577.4570251968503
123.454,577.4570251968503
123.454,579.4571051968505
123.454,575.6314751968505
146.047,575.6310251968503
146.047,573.6310251968503
123.454,573.6310251968503
123.454,575.6314751968505
123.454,571.8058551968505
146.047,571.8060251968503
146.047,569.8060251968503
123.454,569.8060251968503
123.454,571.8058551968505
123.454,567.9802251968506
146.047,567.9800251968503
146.047,565.9800251968503
123.454,565.9800251968503
123.454,567.9802251968506
123.454,564.1546051968505
146.047,564.1540251968504
146.047,562.1540251968504
123.454,562.1540251968504
123.454,564.1546051968505
191.787,633.0310251968504
214.379,633.0310251968504
214.379,631.0310251968504
191.787,631.0310251968504
191.787,633.0310251968504
191.787,629.2053951968503
214.379,629.2050251968503
214.379,627.2050251968503
191.787,627.2050251968503
191.787,629.2053951968503
191.787,625.3797651968504
214.379,625.3800251968503
214.379,623.3800251968503
191.787,623.3800251968503
191.787,625.3797651968504
191.787,621.5541351968503
214.379,621.5540251968503
214.379,619.5540251968503
191.787,619.5540251968503
191.787,621.5541351968503
191.787,617.7285051968504
214.379,617.7280251968504
214.379,615.7280251968504
191.787,615.7280251968504
191.787,617.7285051968504
191.856,613.8820251968503
203.152,613.8820251968503
203.152,611.8820251968503
191.856,611.8820251968503
191.856,613.8820251968503
191.856,610.0563951968503
203.152,610.0560251968503
203.152,608.0560251968503
191.856,608.0560251968503
191.856,610.0563951968503
191.747,640.6490251968503
203.043,640.6490251968503
203.043,638.6490251968503
191.747,638.6490251968503
191.747,640.6490251968503
191.747,636.8233951968504
203.043,636.8230251968503
203.043,634.8230251968503
191.747,634.8230251968503
191.747,636.8233951968504
169.025,652.1450251968504
191.617,652.1450251968504
191.617,650.1450251968504
169.025,650.1450251968504
169.025,652.1450251968504
169.025,648.3193951968503
191.617,648.3190251968504
191.617,646.3190251968504
169.025,646.3190251968504
169.025,648.3193951968503
169.025,644.4937651968503
191.617,644.4930251968503
191.617,642.4930251968503
169.025,642.4930251968503
169.025,644.4937651968503
169.025,640.6681351968504
191.617,640.6680251968503
191.617,638.6680251968503
169.025,638.6680251968503
169.025,640.6681351968504
169.025,636.8425051968504
191.617,636.8420251968503
191.617,634.8420251968503
169.025,634.8420251968503
169.025,636.8425051968504
169.025,633.0168751968504
191.617,633.0160251968504
191.617,631.0160251968504
169.025,631.0160251968504
169.025,633.0168751968504
169.025,629.1912451968503
191.617,629.1910251968503
191.617,627.1910251968503
169.025,627.1910251968503
169.025,629.1912451968503
169.025,625.3656151968504
191.617,625.3650251968503
191.617,623.3650251968503
169.025,623.3650251968503
169.025,625.3656151968504
169.025,621.5399851968505
191.617,621.5400251968504
191.617,619.5400251968504
169.025,619.5400251968504
169.025,621.5399851968505
169.025,617.7143551968504
191.617,617.7140251968503
191.617,615.7140251968503
169.025,615.7140251968503
169.025,617.7143551968504
169.025,613.8887251968504
191.617,613.8880251968503
191.617,611.8880251968503
169.025,611.8880251968503
169.025,613.8887251968504
169.025,610.0631051968504
191.617,610.0630251968503
191.617,608.0630251968503
169.025,608.0630251968503
169.025,610.0631051968504
169.025,606.2374751968505
191.617,606.2370251968504
191.617,604.2370251968504
169.025,604.2370251968504
169.025,606.2374751968505
169.025,602.4118551968504
191.617,602.4110251968503
191.617,600.4110251968503
169.025,600.4110251968503
169.025,602.4118551968504
169.025,598.5862251968505
191.617,598.5860251968503
191.617,596.5860251968503
169.025,596.5860251968503
169.025,598.5862251968505
169.045,594.7350251968503
180.341,594.7350251968503
180.341,592.7350251968503
169.045,592.7350251968503
169.045,594.7350251968503
169.045,590.9093951968504
180.341,590.9100251968504
180.341,588.9100251968504
169.045,588.9100251968504
169.045,590.9093951968504
